INSERT INTO usuario(id_usuario,nombre_usuario, password) VALUES (1,'cadenapadilla@gmail.com', 'plainofida');
INSERT INTO usuario(id_usuario,nombre_usuario, password) VALUES (2,'mfandrade@hotmail.com', 'marco0328');
INSERT INTO usuario(id_usuario,nombre_usuario, password) VALUES (3,'jgarcia@yahoo.com', 'ingcont7865');

INSERT INTO lista(id_lista,nombre_lista,likes, fk_id_usuario) VALUES (1,'musica clasica',1,1);
INSERT INTO lista(id_lista,nombre_lista,likes, fk_id_usuario) VALUES (2,'heavy metal',5,1);
INSERT INTO lista(id_lista,nombre_lista,likes, fk_id_usuario) VALUES (3,'hard rock',3,1);
INSERT INTO lista(id_lista,nombre_lista,likes, fk_id_usuario) VALUES (4,'salsa',2,2);
INSERT INTO lista(id_lista,nombre_lista,likes, fk_id_usuario) VALUES (5,'varios',3,2);
INSERT INTO lista(id_lista,nombre_lista,likes, fk_id_usuario) VALUES (6,'rap',4,3);

INSERT INTO genero(id_genero,nombre_genero) VALUES(1,'musica clasica');
INSERT INTO genero(id_genero,nombre_genero) VALUES(2,'rock');
INSERT INTO genero(id_genero,nombre_genero) VALUES(3,'pop');
INSERT INTO genero(id_genero,nombre_genero) VALUES(4,'vallenato');
INSERT INTO genero(id_genero,nombre_genero) VALUES(5,'rap');
INSERT INTO genero(id_genero,nombre_genero) VALUES(6,'salsa');
INSERT INTO genero(id_genero,nombre_genero) VALUES(7,'electronica');
INSERT INTO genero(id_genero,nombre_genero) VALUES(8,'reggae');


INSERT INTO artista(id_artista,nombre_artista, fecha_nacimiento) VALUES (1,'Richard Wagner', DATE('13-05-1813'));
INSERT INTO artista(id_artista,nombre_artista, fecha_nacimiento) VALUES (2,'Bob Marley', DATE('01-01-1960'));
INSERT INTO artista(id_artista,nombre_artista, fecha_nacimiento) VALUES (3,'Eminem', DATE('01-02-1955'));
INSERT INTO artista(id_artista,nombre_artista, fecha_nacimiento) VALUES (4,'Britney Spears', DATE('05-03-1985'));
INSERT INTO artista(id_artista,nombre_artista, fecha_nacimiento) VALUES (5,'Gran Combo', DATE('06-08-1970'));
INSERT INTO artista(id_artista,nombre_artista, fecha_nacimiento) VALUES (6,'Ozzy Osbourne', DATE('01-01-1960'));
INSERT INTO artista(id_artista,nombre_artista, fecha_nacimiento) VALUES (7,'El Binomio de Oro', DATE('01-01-1985') );
INSERT INTO artista(id_artista,nombre_artista, fecha_nacimiento) VALUES (8,'Johann Sebastian Bach', DATE('27-03-1685'));
INSERT INTO artista(id_artista,nombre_artista, fecha_nacimiento) VALUES (9,'The Doors', DATE('01-01-1985') );
INSERT INTO artista(id_artista,nombre_artista, fecha_nacimiento) VALUES (10,'La Fania', DATE('15-04-1985'));

INSERT INTO album(id_album,nombre_album, year,imagen) VALUES (1,'Danza de las valquirias', 1990,'/home/music/wagner/Danza_De_Valquirias/danza_valquirias.jpg');
INSERT INTO album(id_album,nombre_album, year,imagen) VALUES (2,'No Woman No Cry', 1991,'/home/music/Bob_Marly/No_woman_no_cry/nwnc.jpg');
INSERT INTO album(id_album,nombre_album, year,imagen) VALUES (3,'Rap Forever', 1992,'/home/music/Eminem/Rap_Forever/rf.jpg');
INSERT INTO album(id_album,nombre_album, year,imagen) VALUES (4,'Alone in the sun', 1993,'/home/music/Spears/Aits.jpg');
INSERT INTO album(id_album,nombre_album, year,imagen) VALUES (5,'Puerto Rico Vive', 1994,'/home/music/Gran_Combo/prv.jpg');
INSERT INTO album(id_album,nombre_album, year,imagen) VALUES (6,'Crazy Train', 1990,'/home/music/Ozzy/ct.jpg');
INSERT INTO album(id_album,nombre_album, year,imagen) VALUES (7,'Esto es para siempre', 1991,'/home/Binomio_Oro/esps.jpg');
INSERT INTO album(id_album,nombre_album, year,imagen) VALUES (8,'Infinit Dreams', 1982,'/home/music/Bach/id.jpg');
INSERT INTO album(id_album,nombre_album, year,imagen) VALUES (9,'Light My Fire', 1971,'/home/music/The_Doors/lmf.jpg');
INSERT INTO album(id_album,nombre_album, year,imagen) VALUES (10,'Salsa Caleña', 1996,'/home/music/Fania/sc.jpg');


INSERT INTO cancion(id_cancion,nombre_cancion, duracion, ruta, fk_id_artista, fk_id_genero) VALUES(1,'Valquiria', 300, '/home/music/wagner/cancion1.mp3', 1, 1);
INSERT INTO cancion(id_cancion,nombre_cancion, duracion, ruta, fk_id_artista, fk_id_genero) VALUES(2,'Estigio', 360, '/home/music/cancion2.mp3', 1, 1);
INSERT INTO cancion(id_cancion,nombre_cancion, duracion, ruta, fk_id_artista, fk_id_genero) VALUES(3,'In pecatum', 320, '/home/music/cancion3.mp3', 1, 1);
INSERT INTO cancion(id_cancion,nombre_cancion, duracion, ruta, fk_id_artista, fk_id_genero) VALUES(4,'I Need You', 305, '/home/music/cancion4.mp3', 2, 8);
INSERT INTO cancion(id_cancion,nombre_cancion, duracion, ruta, fk_id_artista, fk_id_genero) VALUES(5,'Lonesome Feeling', 362, '/home/music/cancion5.mp3', 2, 8);
INSERT INTO cancion(id_cancion,nombre_cancion, duracion, ruta, fk_id_artista, fk_id_genero) VALUES(6,'When the Well Runs Dry', 323, '/home/music/cancion6.mp3', 2, 8);
INSERT INTO cancion(id_cancion,nombre_cancion, duracion, ruta, fk_id_artista, fk_id_genero) VALUES(7,'Rude Boy', 450, '/home/music/cancion7.mp3', 2, 8);
INSERT INTO cancion(id_cancion,nombre_cancion, duracion, ruta, fk_id_artista, fk_id_genero) VALUES(8,'Love and Affection', 300, '/home/music/cancion8.mp3', 2, 8);
INSERT INTO cancion(id_cancion,nombre_cancion, duracion, ruta, fk_id_artista, fk_id_genero) VALUES(9,'My Name Is', 360, '/home/music/cancion9.mp3', 3, 5);
INSERT INTO cancion(id_cancion,nombre_cancion, duracion, ruta, fk_id_artista, fk_id_genero) VALUES(10,'Paul', 320, '/home/music/cancion10.mp3', 3, 5);
INSERT INTO cancion(id_cancion,nombre_cancion, duracion, ruta, fk_id_artista, fk_id_genero) VALUES(11,'My Fault', 305, '/home/music/cancion11.mp3', 3, 5);
INSERT INTO cancion(id_cancion,nombre_cancion, duracion, ruta, fk_id_artista, fk_id_genero) VALUES(12,'Just Dont Give a Fuck', 362, '/home/music/cancion12.mp3', 3, 5);
INSERT INTO cancion(id_cancion,nombre_cancion, duracion, ruta, fk_id_artista, fk_id_genero) VALUES(13,'Baby One More Time', 323, '/home/music/cancion13.mp3', 4, 3);
INSERT INTO cancion(id_cancion,nombre_cancion, duracion, ruta, fk_id_artista, fk_id_genero) VALUES(14,'Soda Pop', 450, '/home/music/cancion14.mp3', 4, 3);
INSERT INTO cancion(id_cancion,nombre_cancion, duracion, ruta, fk_id_artista, fk_id_genero) VALUES(15,'Menéame los Mangos', 300, '/home/music/cancion15.mp3', 5, 6);
INSERT INTO cancion(id_cancion,nombre_cancion, duracion, ruta, fk_id_artista, fk_id_genero) VALUES(16,'De Siempre', 360, '/home/music/cancion16.mp3', 5, 6);
INSERT INTO cancion(id_cancion,nombre_cancion, duracion, ruta, fk_id_artista, fk_id_genero) VALUES(17,'El Caballo Pelotero', 320, '/home/music/cancion17.mp3', 5, 6);
INSERT INTO cancion(id_cancion,nombre_cancion, duracion, ruta, fk_id_artista, fk_id_genero) VALUES(18,'En Navidad', 305, '/home/music/cancion18.mp3', 5, 6);
INSERT INTO cancion(id_cancion,nombre_cancion, duracion, ruta, fk_id_artista, fk_id_genero) VALUES(19,'Crazy Train', 362, '/home/music/cancion19.mp3', 6, 2);
INSERT INTO cancion(id_cancion,nombre_cancion, duracion, ruta, fk_id_artista, fk_id_genero) VALUES(20,'Iron Man', 323, '/home/music/cancion20.mp3', 6, 2);
INSERT INTO cancion(id_cancion,nombre_cancion, duracion, ruta, fk_id_artista, fk_id_genero) VALUES(21,'No More Tears', 111, '/home/music/cancion21.mp3', 6, 2);
INSERT INTO cancion(id_cancion,nombre_cancion, duracion, ruta, fk_id_artista, fk_id_genero)VALUES(22,'Olvidala', 222, '/home/music/cancion22.mp3', 7, 4);
INSERT INTO cancion(id_cancion,nombre_cancion, duracion, ruta, fk_id_artista, fk_id_genero) VALUES(23,'Mujer Bonita', 325, '/home/music/cancion23.mp3', 7, 4);
INSERT INTO cancion(id_cancion,nombre_cancion, duracion, ruta, fk_id_artista, fk_id_genero) VALUES(24,'Me ilusione', 320, '/home/music/cancion24.mp3', 7, 4);
INSERT INTO cancion(id_cancion,nombre_cancion, duracion, ruta, fk_id_artista, fk_id_genero) VALUES(25,'Infortunio', 305, '/home/music/cancion25.mp3', 8, 1);
INSERT INTO cancion(id_cancion,nombre_cancion, duracion, ruta, fk_id_artista, fk_id_genero) VALUES(26,'moonlight', 362, '/home/music/cancion26.mp3', 8, 1);
INSERT INTO cancion(id_cancion,nombre_cancion, duracion, ruta, fk_id_artista, fk_id_genero) VALUES(27,'Not to touch the earth', 156, '/home/music/cancion27.mp3', 9, 2);
INSERT INTO cancion(id_cancion,nombre_cancion, duracion, ruta, fk_id_artista, fk_id_genero) VALUES(28,'Vamos con toda', 512, '/home/music/cancion2.mp3', 10, 6);

INSERT INTO cancion_lista VALUES (1, 1);
INSERT INTO cancion_lista VALUES (2, 1);
INSERT INTO cancion_lista VALUES (3, 1);
INSERT INTO cancion_lista VALUES (4, 2);
INSERT INTO cancion_lista VALUES (5, 2);
INSERT INTO cancion_lista VALUES (6, 2);
INSERT INTO cancion_lista VALUES (7, 2);
INSERT INTO cancion_lista VALUES (8, 2);
INSERT INTO cancion_lista VALUES (9, 6);
INSERT INTO cancion_lista VALUES (10, 6);
INSERT INTO cancion_lista VALUES (11, 6);
INSERT INTO cancion_lista VALUES (12, 6);
INSERT INTO cancion_lista VALUES (13, 5);
INSERT INTO cancion_lista VALUES (14, 5);
INSERT INTO cancion_lista VALUES (15, 4);
INSERT INTO cancion_lista VALUES (16, 4);
INSERT INTO cancion_lista VALUES (17, 4);
INSERT INTO cancion_lista VALUES (18, 4);
INSERT INTO cancion_lista VALUES (19, 3);
INSERT INTO cancion_lista VALUES (20, 3);
INSERT INTO cancion_lista VALUES (21, 3);
INSERT INTO cancion_lista VALUES (22, 4);
INSERT INTO cancion_lista VALUES (23, 4);
INSERT INTO cancion_lista VALUES (24, 4);
INSERT INTO cancion_lista VALUES (25, 1);
INSERT INTO cancion_lista VALUES (26, 1);
INSERT INTO cancion_lista VALUES (27, 3);
INSERT INTO cancion_lista VALUES (28, 4);

INSERT INTO cancion_album VALUES (1, 1);
INSERT INTO cancion_album VALUES (1, 2);
INSERT INTO cancion_album VALUES (1, 3);
INSERT INTO cancion_album VALUES (2, 4);
INSERT INTO cancion_album VALUES (2, 5);
INSERT INTO cancion_album VALUES (2, 6);
INSERT INTO cancion_album VALUES (2, 7);
INSERT INTO cancion_album VALUES (2, 8);
INSERT INTO cancion_album VALUES (3, 9);
INSERT INTO cancion_album VALUES (3, 10);
INSERT INTO cancion_album VALUES (3, 11);
INSERT INTO cancion_album VALUES (3, 12);
INSERT INTO cancion_album VALUES (4, 13);
INSERT INTO cancion_album VALUES (4, 14);
INSERT INTO cancion_album VALUES (5, 15);
INSERT INTO cancion_album VALUES (5, 16);
INSERT INTO cancion_album VALUES (5, 17);
INSERT INTO cancion_album VALUES (5, 18);
INSERT INTO cancion_album VALUES (6, 19);
INSERT INTO cancion_album VALUES (6, 20);
INSERT INTO cancion_album VALUES (6, 21);
INSERT INTO cancion_album VALUES (7, 22);
INSERT INTO cancion_album VALUES (7, 23);
INSERT INTO cancion_album VALUES (7, 24);
INSERT INTO cancion_album VALUES (8, 25);
INSERT INTO cancion_album VALUES (8, 26);
INSERT INTO cancion_album VALUES (9, 27);
INSERT INTO cancion_album VALUES (10, 28);
